nr;item;kategorie;quelle;relevanz;lm;typ;status;profil;element;codes;hinweis
1;Name;Patientenbezogene Daten - Identifizierend;App - Studienteam;SONDER;identifikation.name;HumanName;KDS;patient;Patient.name:name;;"Nur im identifizierenden Datenbestand des Studienteams; nicht Teil des pseudonymisierten Forschungsdatensatzes."
2;Geburtsdatum;Patientenbezogene Daten - Identifizierend;App - Studienteam;SONDER;identifikation.geburtsdatum;date;KDS;patient|patient-pseudo;Patient.birthDate;;Im pseudonymisierten Datensatz vergröbert (siehe Item 14 Alter).
3;Anschrift;Patientenbezogene Daten - Identifizierend;App - Studienteam;SONDER;identifikation.anschrift;Address;KDS;patient;Patient.address:Strassenanschrift;;Nur im identifizierenden Datenbestand.
4;Telefon/Handynummer;Patientenbezogene Daten - Identifizierend;App - Studienteam;SONDER;identifikation.telefon;ContactPoint;KDS;patient;Patient.telecom;system = phone;"Nur im identifizierenden Datenbestand; telecom ist im KDS-Profil nicht Must-Support, aber zulässig."
5;Fallnummer;Patientenbezogene Daten - Identifizierend;App - Studienteam;SONDER;identifikation.fallnummer;Identifier;KDS;encounter;Encounter.identifier:Aufnahmenummer;type = VN;Für die Forschungsdatennutzung zu pseudonymisieren.
6;Pat.-ID;Patientenbezogene Daten - Identifizierend;App - Studienteam;SONDER;identifikation.patientenId;Identifier;KDS;patient|patient-pseudo;"Patient.identifier:pid; Patient.identifier:PseudonymisierterIdentifier";type = MR bzw. PSEUDED;"Pseudonymisierung über die Treuhandstelle/das DIZ; Verfahren im Katalog noch offen."
7;Studien-ID;Patientenbezogene Daten;App - Studienteam;MUSS;person.studienId;Identifier;KDS-abgeleitet;dp-proband;ResearchSubject.identifier:subjectIdentificationCode;type = ANON;Format (z. B. 001-PAT-001) ist noch festzulegen.
8;Studienzentrums-Nr;Patientenbezogene Daten;App - Studienteam;MUSS;person.studienzentrum;Identifier;KDS-abgeleitet;dp-proband;ResearchSubject.extension:studienzentrum;Zentrumsnummer 1–10;"R4-ResearchSubject kennt kein Zentrum; deshalb Extension mit Verweis auf das Studienzentrum."
9;Größe;Patientenbezogene Daten;App - Studienteam;MUSS;person.groesse;Quantity;KDS;icu-groesse;Observation.value[x]:valueQuantity;"LOINC 8302-2, SNOMED CT 1153637007; cm";
10;Gewicht;Patientenbezogene Daten;App - Studienteam;MUSS;person.gewicht;Quantity;KDS;icu-gewicht;Observation.value[x]:valueQuantity;"LOINC 29463-7, SNOMED CT 27113001; kg";
11;BMI;Patientenbezogene Daten;App - Studienteam;berechnet;person.bmi;Quantity;Neu;dp-bmi;Observation.value[x]:valueQuantity;"LOINC 39156-5; kg/m2";"Kein BMI-Profil im KDS 2027; Profil auf Basis des FHIR-Core-Vitalzeichenprofils. Verweis auf Größe/Gewicht über derivedFrom."
12;Ideales Gewicht;Patientenbezogene Daten;App - Studienteam;berechnet;person.idealesGewicht;Quantity;ISiK;isik-idealgewicht;Observation.value[x];"LOINC 50064-5, SNOMED CT 170804003; kg";Profil des ICU-Moduls, das in der 2027er Linie unter ISiK 6 weitergeführt wird.
13;Gewichtsverlust;Patientenbezogene Daten;App - Studienteam;SOLL;person.gewichtsverlust;Quantity;Neu;dp-gewichtsverlust;Observation.value[x]:valueQuantity;"SNOMED CT 89362005; kg";"Bezugszeitraum im Katalog nicht festgelegt; optional über effectivePeriod."
14;Alter;Patientenbezogene Daten;App - Studienteam;MUSS;person.alter;Quantity;Neu;dp-alter;Observation.value[x]:valueQuantity;"LOINC 30525-0; a";Alter zum Einschlusszeitpunkt, da das Geburtsdatum im Forschungsdatensatz nicht exakt vorliegt.
15;Lebenssituation;Soziodemographische Daten;Studienteam;MUSS;soziodemographie.lebenssituation;CodeableConcept;KDS-abgeleitet;dp-lebenssituation;Observation.value[x]:valueCodeableConcept;LOINC 46468-5;Auswahlliste im Katalog noch nicht abschließend. Ergänzend im KDS: Haushaltsgröße, Partnerschaft.
16;Wohnsituation;Soziodemographische Daten;Studienteam;MUSS;soziodemographie.wohnsituation;CodeableConcept;KDS-abgeleitet;dp-wohnsituation;Observation.value[x]:valueCodeableConcept;LOINC 71802-3;Auswahlliste im Katalog noch nicht abschließend. Verwandt im KDS: Betreuungssituation.
17;Hund;Soziodemographische Daten;Studienteam;MUSS;soziodemographie.hund;CodeableConcept;KDS-abgeleitet;dp-hundehaltung;Observation.value[x]:valueCodeableConcept;ja/nein (v2-0136);
18;Unterstützung/soziales Umfeld;Soziodemographische Daten;Studienteam;MUSS;soziodemographie.sozialeUnterstuetzung;string;KDS-abgeleitet;dp-soziale-unterstuetzung;Observation.value[x]:valueString;SNOMED CT 405076007;Freitext. Ergänzend im KDS: Vertrauensperson (ja/nein).
19;Raucher;Soziodemographische Daten;Studienteam;MUSS;soziodemographie.raucher;CodeableConcept;KDS;kardio-rauchen;Observation.value[x]:valueCodeableConcept;LOINC 72166-2, SNOMED CT 77176002;Wertemenge: Raucherstatus (IPS), feiner als ja/nein.
20;Pack years;Soziodemographische Daten;Studienteam;MUSS;soziodemographie.packYears;Quantity;KDS;kardio-rauchen;Observation.component:packungsjahre;"SNOMED CT 401201003; {pack-years}";
21;Alkohol;Soziodemographische Daten;Studienteam;;soziodemographie.alkohol;CodeableConcept;Neu;dp-alkoholkonsum;Observation.value[x]:valueCodeableConcept;"LOINC 11331-6; ja/nein";ISiKAlkoholAbusus bildet nur Abusus ab, nicht den Konsum.
22;Alkohol - wie viel?;Soziodemographische Daten;Studienteam;;soziodemographie.alkoholMenge;Quantity;Neu;dp-alkoholkonsum;"Observation.component:reinalkohol; Observation.component:risikobewertung";"SNOMED CT 896810008 (g/d); SNOMED CT 428202005 / 429775004";Entweder Reinalkohol in g/Tag oder Bewertung riskant/nicht riskant nach S3-Leitlinie.
23;Bildungsstand;Soziodemographische Daten;Studienteam;;soziodemographie.bildungsstand;CodeableConcept;KDS;sdd-schulabschluss|sdd-ausbildung;Observation.value[x];SNOMED CT 276031006 bzw. LOINC 82589-3;Höchster Schulabschluss und höchster beruflicher Abschluss getrennt.
24;Berufstätig zum Einschlusszeitpunkt;Soziodemographische Daten;Studienteam;;soziodemographie.berufstaetigEinschluss;CodeableConcept;KDS;sdd-beschaeftigung;Observation.value[x];LOINC 67875-5;effectiveDateTime = Einschluss. ja/nein ergibt sich aus dem Beschäftigungsstatus.
25;Chemotherapie;Therapien-Verlauf;App - Studienteam;MUSS;therapieverlauf.chemotherapie;Period;KDS;onko-systemtherapie;Procedure.performed[x];Art der Therapie = CH;Auch für die Kontrollgruppe zu erfassen.
26;Immunsuppressive Therapie;Therapien-Verlauf;App - Studienteam;MUSS;therapieverlauf.immunsuppressiveTherapie;Period;KDS;medstatement;MedicationStatement.effective[x];ATC L04;Bei onkologischer Immuntherapie stattdessen Onko Systemische Therapie (Art IM).
27;Strahlentherapie;Therapien-Verlauf;App - Studienteam;MUSS;therapieverlauf.strahlentherapie;Period;KDS;onko-strahlentherapie;Procedure.performed[x];;
28;Physiotherapie;Therapien-Verlauf;App - Studienteam;MUSS;therapieverlauf.physiotherapie;Period;KDS-abgeleitet;dp-funktionelle-therapie;Procedure.performed[x];SNOMED CT 91251008;
29;Ergotherapie;Therapien-Verlauf;App - Studienteam;MUSS;therapieverlauf.ergotherapie;Period;KDS-abgeleitet;dp-funktionelle-therapie;Procedure.performed[x];SNOMED CT 84478008;
30;Logopädie;Therapien-Verlauf;App - Studienteam;MUSS;therapieverlauf.logopaedie;Period;KDS-abgeleitet;dp-funktionelle-therapie;Procedure.performed[x];SNOMED CT 311555007;
31;Rehabilitationszentrum;Therapien-Verlauf;App - Studienteam;MUSS;therapieverlauf.rehabilitation;CodeableConcept;KDS-abgeleitet;dp-rehabilitation;Encounter.class;AMB / IMP;
NEU-1;Dauer der Reha;Therapien-Verlauf;App - Studienteam;SOLL;therapieverlauf.rehabilitationDauer;Period;KDS-abgeleitet;dp-rehabilitation;Encounter.period;;
32;Aktuelle Berufstätigätigkeit;;App - Studienteam;MUSS;verlauf.berufstaetigkeitAktuell;CodeableConcept;KDS;sdd-beschaeftigung;Observation.value[x];LOINC 67875-5;Je Follow-up eine Observation. Der Teilzeitanteil in % ist im KDS-Profil nicht vorgesehen (siehe Offene Punkte).
33;Karnofsky Index;;Studienteam;MUSS;verlauf.karnofskyIndex;CodeableConcept;KDS;onko-karnofsky;Observation.value[x];SNOMED CT 761869008;Identisch mit Item 47.
34;EORT-QLQ-C30;;Fragebogen;;fragebogen.eortcQlqC30;BackboneElement;KDS;pro-qr|pro-score;"QuestionnaireResponse.item; Observation.value[x]";"Questionnaire mii-qst-pro-eortc-qlq-c30; Scores eortc-qlq-c30-*";Fragebogen und Skalenwerte sind im KDS-Modul PRO definiert.
35;PHQ9;;Fragebogen;;fragebogen.phq9;BackboneElement;KDS;pro-qr|pro-phq9;"QuestionnaireResponse.item; Observation.value[x]";"Questionnaire mii-qst-pro-phq-9; LOINC 44261-6";
36;GAD7;;Fragebogen;;fragebogen.gad7;BackboneElement;KDS;pro-qr|pro-score;"QuestionnaireResponse.item; Observation.value[x]";"Questionnaire mii-qst-pro-gad-7; LOINC 70274-6";
37;NRS;;Fragebogen;;fragebogen.nrs;integer;KDS;icu-nrs;Observation.value[x];SNOMED CT 1284857008;Profil erlaubt 0–10 (Katalog: 1–10). Lokalisation über bodySite, Bezugszeitraum über effectivePeriod.
38;Alternative für MOCA Test ??;;Fragebogen;;fragebogen.kognition;BackboneElement;Offen;pro-qr|pro-score;"QuestionnaireResponse.item; Observation.value[x]";;Instrument noch nicht festgelegt. Im KDS-Modul PRO vorhanden: PROMIS Cognitive Function SF 4a. MoCA selbst wäre als PRO Score Instance (LOINC 72172-0) abbildbar.
39;Aufnahmediagnose;Diagnosen / Prozeduren;Klinik;MUSS;diagnosen.aufnahmediagnose;CodeableConcept;KDS;diagnose|encounter;"Condition.code; Encounter.diagnosis.use";"ICD-10-GM; use = AD";Freitext über Condition.code.text.
40;Entlassdiagnose;Diagnosen / Prozeduren;Klinik;MUSS;diagnosen.entlassdiagnose;CodeableConcept;KDS;diagnose|encounter;"Condition.code; Encounter.diagnosis.use";"ICD-10-GM; use = DD";Abteilungsentlassdiagnosen am Abteilungskontakt (department-main-diagnosis).
41;Nebendiagnosen;Diagnosen / Prozeduren;Klinik;MUSS;diagnosen.nebendiagnosen;CodeableConcept;KDS;diagnose|encounter;"Condition.code; Encounter.diagnosis.use";"ICD-10-GM; use = CM";
42;Vorerkrankungen;Diagnosen / Prozeduren;Klinik;MUSS;diagnosen.vorerkrankungen;CodeableConcept;KDS;diagnose;"Condition.code; Condition.onset[x]";ICD-10-GM;"Abgrenzung über onset vor dem Aufenthalt; häufig in den Nebendiagnosen enthalten."
43;OPS (OP-Prozeduren);Diagnosen / Prozeduren;Klinik;MUSS;diagnosen.operation;CodeableConcept;KDS;prozedur|onko-operation;Procedure.code.coding:ops;"OPS; category SNOMED CT 387713003";Tumoroperationen zusätzlich bzw. alternativ als Onko Operation.
NEU-2;OP-Datum;Diagnosen / Prozeduren;Klinik;MUSS;diagnosen.operationDatum;dateTime;KDS;prozedur|onko-operation;Procedure.performed[x];;
NEU-3;Komplikationen;Diagnosen / Prozeduren;Klinik;SOLL;diagnosen.komplikationen;CodeableConcept;KDS;onko-operation|prozedur;Procedure.complication;oBDS-Komplikationsliste bzw. ICD-10-GM;Re-OP als eigene Procedure (Onko Operation, Intention R = Revision/Komplikation). Auswahlliste im Katalog noch offen.
44;Chemotherapie, präoperativ;Diagnosen / Prozeduren;Studienteam;MUSS;diagnosen.chemotherapiePraeoperativ;Period;KDS;onko-systemtherapie;"Procedure.performed[x]; Procedure.extension:StellungZurOp";"Art = CH; Stellung zur OP = N (neoadjuvant)";
45;Strahlentherapie, präoperativ;Diagnosen / Prozeduren;Studienteam;MUSS;diagnosen.strahlentherapiePraeoperativ;Period;KDS;onko-strahlentherapie;"Procedure.performed[x]; Procedure.extension:StellungZurOp";Stellung zur OP = N (neoadjuvant);
46;Immuntherapie, präoperativ;Diagnosen / Prozeduren;Studienteam;MUSS;diagnosen.immuntherapiePraeoperativ;Period;KDS;onko-systemtherapie|onko-systemtherapie-med;"Procedure.performed[x]; Procedure.extension:StellungZurOp; MedicationStatement.medication[x]";"Art = IM; Stellung zur OP = N";Substanzen als Onko Systemische Therapie Medikation.
47;Karnofsky-Index;Onkologie;Studienteam;MUSS;onkologie.karnofskyIndex;CodeableConcept;KDS;onko-karnofsky;Observation.value[x];SNOMED CT 761869008;Mehrfacherhebung über effective[x].
48;pTNM;Onkologie;Klinik;MUSS;onkologie.ptnm;CodeableConcept;KDS;onko-tnm;"Observation.value[x]; Observation.hasMember";code = SNOMED CT 399588009 (pathologisch);T-, N- und M-Kategorie als eigene Observations des Onkologie-Moduls über hasMember.
49;ECOG-Score;Onkologie;Studienteam;MUSS;onkologie.ecog;CodeableConcept;KDS;onko-ecog;Observation.value[x];SNOMED CT 423740007;Alternative zum Karnofsky-Index.
50;Histologie;Onkologie;Klinik;MUSS;onkologie.histologie;CodeableConcept;KDS;onko-histologie|patho-report;"Observation.value[x]; DiagnosticReport.conclusion";ICD-O-3-Morphologie;"Kodiert als Onko Histologie; der unstrukturierte Befundtext über den Pathologiebefund."
51;Grading;Onkologie;Klinik;MUSS;onkologie.grading;CodeableConcept;KDS;onko-grading;Observation.value[x];LOINC 33732-9;
52;CAM-ICU;ICU-Scores;Klinik;MUSS;icuScores.camIcu;CodeableConcept;KDS;icu-cam;Observation.value[x]:valueCodeableConcept;SNOMED CT 450740000;Der im Ballot-Profil fixierte LOINC-Code 99844-5 ist in LOINC 2.82 nicht enthalten (Ballot-Rückmeldung).
53;RASS;ICU-Scores;Klinik;MUSS;icuScores.rass;CodeableConcept;KDS;icu-rass;Observation.value[x];SNOMED CT 1345050000;
54;NRS;ICU-Scores;Klinik;SOLL;icuScores.nrs;integer;KDS;icu-nrs;Observation.value[x];SNOMED CT 1284857008;
55;SOFA Score;ICU-Scores;Klinik;MUSS;icuScores.sofa;integer;KDS;icu-sofa;Observation.value[x]:valueInteger;LOINC 96789-3;Die sechs Teilscores sind im Profil verpflichtend.
56;ASA;Anästhesie/OP;Klinik;SOLL;anaesthesie.asa;CodeableConcept;KDS;onko-asa;Observation.value[x];LOINC 97816-3;
57;NYHA;Anästhesie/OP;Klinik;SOLL;anaesthesie.nyha;CodeableConcept;KDS;kardio-nyha;Observation.value[x];LOINC 93124-6, SNOMED CT 762994006;
58;MET;Anästhesie/OP;Klinik;MUSS;anaesthesie.met;Quantity;Neu;dp-met;Observation.value[x]:valueQuantity;"SNOMED CT 698834005; {MET}";Quelle (Anästhesie, Studienteam oder Wearable) über Observation.method bzw. device unterscheidbar.
59;OP-Dauer;Anästhesie/OP;Klinik;MUSS;anaesthesie.opDauer;Period;KDS;prozedur;Procedure.performed[x]:performedPeriod;;Dauer in Minuten wird aus Beginn und Ende berechnet. Onko Operation erlaubt nur einen Zeitpunkt.
60;Blutverlust;Anästhesie/OP;Klinik;SOLL;anaesthesie.blutverlust;Quantity;KDS;icu-blutverlust;Observation.value[x];"LOINC 81661-1, SNOMED CT 250771004; mL";
61;Blutransfusion;Anästhesie/OP;Klinik;KANN;anaesthesie.bluttransfusion;CodeableConcept;KDS;prozedur;Procedure.code;"OPS 8-800 ff.; SNOMED CT 116859006";"Art und Menge ergeben sich aus dem OPS-Kode; ja/nein aus dem Vorhandensein der Procedure."
62;Katecholamintherapie;ICU-Verlauf;Klinik;MUSS;icuVerlauf.katecholamintherapie;Period;KDS-abgeleitet;dp-katecholamintherapie;"MedicationAdministration.effective[x]; MedicationAdministration.medication[x]";ATC C01CA03, C01CA24, C01CA07, C01CA04;
63;Beatmungsdauer;ICU-Verlauf;Klinik;MUSS;icuVerlauf.beatmungsdauer;Period;KDS;icu-beatmung;Procedure.performed[x]:performedPeriod;category = SNOMED CT 40617009;Reine Sauerstoffgabe: category = SNOMED CT 57485005.
64;Beatmungsform;ICU-Verlauf;Klinik;SOLL;icuVerlauf.beatmungsform;CodeableConcept;KDS;icu-beatmung;Procedure.code.coding:sct;Wertemenge des ICU-Moduls;"Auswahlliste im Katalog noch offen; je Phase eine Procedure."
65;Dialyse;ICU-Verlauf;Klinik;MUSS;icuVerlauf.dialyse;dateTime;KDS;icu-ecv;Procedure.performed[x];SNOMED CT 265764009 u. a.;
66;Sedierung;;Klinik;SOLL;icuVerlauf.sedierung;Period;KDS-abgeleitet;dp-sedierung;"MedicationAdministration.effective[x]; MedicationAdministration.medication[x]";ATC N01AX10, N05CD08, N05CM18 u. a.;
67;24 Stunden Flüssigkeitsbilanz;;Klinik;MUSS;icuVerlauf.fluessigkeitsbilanz;Quantity;KDS;icu-tagesbilanz;Observation.value[x];"LOINC 9097-7, SNOMED CT 251856003; mL";Bezugszeitraum über effectivePeriod.
68;Extubation;;Klinik;MUSS;icuVerlauf.extubation;dateTime;KDS-abgeleitet;dp-postop;Procedure.performed[x];SNOMED CT 271280005;
69;Reintubation;;Klinik;SOLL;icuVerlauf.reintubation;dateTime;KDS-abgeleitet;dp-postop;Procedure.performed[x];SNOMED CT 112798008;"SNOMED CT kennt keine eigene Prozedur „Reintubation“: Intubation nach vorangegangener Extubation; ja/nein ist abgeleitet."
70;Erstmobilisation;;Klinik;SOLL;icuVerlauf.erstmobilisation;dateTime;KDS-abgeleitet;dp-postop;Procedure.performed[x];SNOMED CT 370871008;Erste dokumentierte Mobilisation bis in den Stand. Kodierung fachlich zu bestätigen.
71;Beginn oraler Kostaufbau;;Klinik;KANN;icuVerlauf.kostaufbau;dateTime;KDS-abgeleitet;dp-postop;Procedure.performed[x];SNOMED CT 448556005;Kodierung fachlich zu bestätigen.
72;Herzfrequenz (HF);Vitaldaten;Klinik;;vitaldaten.herzfrequenz;Quantity;KDS;icu-hf;Observation.value[x];"LOINC 8867-4; /min";
73;intraarterieller systolischer Druck (SAP);Vitaldaten;Klinik;;vitaldaten.systolischerDruck;Quantity;KDS;icu-blutdruck;Observation.component:SystolicBP;"LOINC 8480-6; mm[Hg]";Invasive Messung über Observation.method bzw. bodySite kennzeichnen.
74;mittlerer Arterieller Druck (MAP);Vitaldaten;Klinik;;vitaldaten.mittlererDruck;Quantity;KDS;icu-blutdruck;Observation.component:meanBP;"LOINC 8478-0; mm[Hg]";
75;diastolischer Druck (DAP);Vitaldaten;Klinik;;vitaldaten.diastolischerDruck;Quantity;KDS;icu-blutdruck;Observation.component:DiastolicBP;"LOINC 8462-4; mm[Hg]";
76;SpO2;Vitaldaten;Klinik;;vitaldaten.spo2;Quantity;ISiK;isik-spo2;Observation.value[x];"LOINC 59408-5; %";Profil des ICU-Moduls, das in der 2027er Linie unter ISiK 6 weitergeführt wird.
77;paO2;Blutgaßanalyse;Klinik;;blutgasanalyse.pao2;Quantity;KDS-abgeleitet;dp-labor;Observation.value[x];LOINC 2703-7;Einheit mmHg oder kPa als UCUM.
78;PaCO2;Blutgaßanalyse;Klinik;;blutgasanalyse.paco2;Quantity;KDS-abgeleitet;dp-labor;Observation.value[x];LOINC 2019-8;Einheit mmHg oder kPa als UCUM.
79;pH arteriell;Blutgaßanalyse;Klinik;;blutgasanalyse.phArteriell;Quantity;KDS-abgeleitet;dp-labor;Observation.value[x];LOINC 2744-1;
80;SaO2;Blutgaßanalyse;Klinik;;blutgasanalyse.sao2;Quantity;KDS-abgeleitet;dp-labor;Observation.value[x];LOINC 2708-6;
81;Laktat arteriell;Blutgaßanalyse;Klinik;;blutgasanalyse.laktatArteriell;Quantity;KDS-abgeleitet;dp-labor;Observation.value[x];LOINC 2518-9;
82;Bicarbonat arteriell;Blutgaßanalyse;Klinik;;blutgasanalyse.bicarbonatArteriell;Quantity;KDS-abgeleitet;dp-labor;Observation.value[x];LOINC 1960-4;
83;SvO2;Blutgaßanalyse;Klinik;;blutgasanalyse.svo2;Quantity;KDS-abgeleitet;dp-labor;Observation.value[x];LOINC 2711-0, 19224-5;Venös bzw. gemischtvenös.
84;BE arteriell;Blutgaßanalyse;Klinik;;blutgasanalyse.baseExcessArteriell;Quantity;KDS-abgeleitet;dp-labor;Observation.value[x];LOINC 1925-7;
85;Leukozyten;Laborwert;Klinik;;labor.leukozyten;Quantity;KDS-abgeleitet;dp-labor;Observation.value[x];LOINC 6690-2;
86;Thrombozyten;Laborwert;Klinik;;labor.thrombozyten;Quantity;KDS-abgeleitet;dp-labor;Observation.value[x];LOINC 777-3;
87;Hämoglobin;Laborwert;Klinik;;labor.haemoglobin;Quantity;KDS-abgeleitet;dp-labor;Observation.value[x];LOINC 718-7;
88;Hämatokrit;Laborwert;Klinik;;labor.haematokrit;Quantity;KDS-abgeleitet;dp-labor;Observation.value[x];LOINC 4544-3;
89;CRP;Laborwert;Klinik;;labor.crp;Quantity;KDS-abgeleitet;dp-labor;Observation.value[x];LOINC 1988-5;
90;PCT;Laborwert;Klinik;;labor.pct;Quantity;KDS-abgeleitet;dp-labor;Observation.value[x];LOINC 33959-8;
91;IL-6;Laborwert;Klinik;;labor.il6;Quantity;KDS-abgeleitet;dp-labor;Observation.value[x];LOINC 26881-3;
92;Harnstoff;Laborwert;Klinik;;labor.harnstoff;Quantity;KDS-abgeleitet;dp-labor;Observation.value[x];LOINC 3091-6, 22664-7;Massen- bzw. Stoffmengenkonzentration.
93;Kreatinin;Laborwert;Klinik;;labor.kreatinin;Quantity;KDS-abgeleitet;dp-labor;Observation.value[x];LOINC 2160-0, 14682-9;Massen- bzw. Stoffmengenkonzentration.
94;Bilirubin ges;Laborwert;Klinik;;labor.bilirubinGesamt;Quantity;KDS-abgeleitet;dp-labor;Observation.value[x];LOINC 1975-2, 14631-6;Massen- bzw. Stoffmengenkonzentration.
95;Albumin;Laborwert;Klinik;;labor.albumin;Quantity;KDS-abgeleitet;dp-labor;Observation.value[x];LOINC 1751-7;
96;GOT;Laborwert;Klinik;;labor.got;Quantity;KDS-abgeleitet;dp-labor;Observation.value[x];LOINC 1920-8;
97;GPT;Laborwert;Klinik;;labor.gpt;Quantity;KDS-abgeleitet;dp-labor;Observation.value[x];LOINC 1742-6;
98;Troponin;Laborwert;Klinik;;labor.troponin;Quantity;KDS-abgeleitet;dp-labor;Observation.value[x];LOINC 67151-1, 89579-7, 6598-7, 10839-9;Troponin T bzw. I, hochsensitiv bzw. konventionell – je nach Haus.
99;CK;Laborwert;Klinik;;labor.ck;Quantity;KDS-abgeleitet;dp-labor;Observation.value[x];LOINC 2157-6;
100;CKMB;Laborwert;Klinik;;labor.ckMb;Quantity;KDS-abgeleitet;dp-labor;Observation.value[x];LOINC 13969-1, 32673-6;Masse bzw. Aktivität.
101;LDH;Laborwert;Klinik;;labor.ldh;Quantity;KDS-abgeleitet;dp-labor;Observation.value[x];LOINC 2532-0, 14804-9;
102;Amylase;Laborwert;Klinik;;labor.amylase;Quantity;KDS-abgeleitet;dp-labor;Observation.value[x];LOINC 1798-8;
103;Lipase;Laborwert;Klinik;;labor.lipase;Quantity;KDS-abgeleitet;dp-labor;Observation.value[x];LOINC 3040-3;
104;D-Dimere;Laborwert;Klinik;;labor.dDimere;Quantity;KDS-abgeleitet;dp-labor;Observation.value[x];LOINC 48065-7, 48066-5;FEU bzw. DDU.
105;INR;Laborwert;Klinik;;labor.inr;Quantity;KDS-abgeleitet;dp-labor;Observation.value[x];LOINC 6301-6;
106;pTT;Laborwert;Klinik;;labor.ptt;Quantity;KDS-abgeleitet;dp-labor;Observation.value[x];LOINC 14979-9, 3173-2;
